{
    "id": "apiextender",
    "name": "Api-Extender",
    "description": "Allows extending the functionality of Azuriom's APIs.",
    "version": "1.0.6",
    "url": "https:\/\/azuriom.com",
    "authors": [
        "vexat0"
    ],
    "azuriom_api": "1.1.0",
    "providers": [
        "\\Azuriom\\Plugin\\ApiExtender\\Providers\\ApiExtenderServiceProvider",
        "\\Azuriom\\Plugin\\ApiExtender\\Providers\\RouteServiceProvider"
    ],
    "dependencies": {
        "shop?": "^1.2.16"
    },
    "apiId": 167
}